, , 
, California Forest Fire Lookout sites, 510 active and abandoned sites listed. Table 1, Revised May 23, 2023. Key to column headings: ID - A numerical count, County - The county the Lookout is in, Topo Map - The name of the 7.5 minute topographic map the Lookout is on, Year - Date of the map, Lookout Name - Name of active Lookout or inactive site, LO - Status of standing Lookout (see below), EL, ft. - Elevation in feet of the Lookout, EL - How elevation is determined. BM = benchmark survey disk nearby. Spot = spot elevation shown on the map. Inter. = No elevation shown so interpreted from contours. Latitude - Degrees/Minute/Seconds NAD83, Longitude - Degrees/Minutes/Seconds NAD83, Forest - Name of National Forest Lookout is in, Park or Other - Other Land status, Township - Legal description of Lookout location, given as Township, Range, then Section number. Sometimes section number is unknown. Lookout Status Codes: A = structure in good condition, capable of being staffed. B = Dilapidated and needs work, but standing. C = Badly damaged or falling down. AS = usually staffed by Forest Service or CDF. AV = staffed by volunteers. AR = A rental Lookout. A (LO site) is where the building has been removed and there may be no evidence remaining, or it's status may be unknown. Fire lookouts may be Forest Service employees or volunteers, but they must possess excellent vision to be able to survey the landscape for fires. A Lasik Austin eye examination can determine whether vision problems can be corrected by Lasik, especially the ability to see objects far in the distance, such as smoke from a forest fire., , , 
, , , , 
ID, County, Topo Map, Year, Lookout Name, LO, EL, ft., EL, Latitude, Longitude, Forest, Park or other use, Township, 
1, Alameda, Cedar Mtn, 1994, Crane Ridge (LO site), , 2959, VABM, 373621, 1213713, , , T4S, R3E, SEC 11, 
2, Alameda, Briones Valley, 1959, Grizzly Pk (LO site), , 1758, BM, 375255, 1221402, , Charles Lee Tilden Park, T1N, R4W, 
3, Alpine, Topaz Lake [NV-CA], 1988, Leviathan Peak, A, 8960, BM, 384102, 1193644, Toiyabe, , T10N, R22E, SEC 30, 
4, Alpine, Mokelumne Peak, 1979, Reba BM (Mt Reba LO site), , 8844, BM, 383032, 1200059, Stanislaus, , T8N, R18E, SEC 29/32, 
5, Amador, Pine Grove, 1973, Mt Zion, AV, 2974, BM, 382324, 1203908, Mt Zion State Forest, Cal Fire, T6N, R12E, SEC 9, 
6, Butte, Kimshew Point, 1979, Bald Mountain, AS, 5783, BM, 395709, 1212857, , Cal Fire, T24N, R4E, SEC 12, 
7, Butte, Soapstone Hill, 1979, Bear Ranch Hill, , 4853, Spot, 395046, 1212210, Plumas, , T23N, R5E, SEC 13, 
8, Butte, Pulga, 1979, Big Bar Mtn (LO site), A, 4375, BM, 394638, 1212539, Plumas, Cal Fire, T22N, R5E, SEC 9, 
9, Butte, Berry Creek, 1970, Bloomer Hill, AS, 3004, BM, 393906, 1212746, Plumas, Cal Fire, T21N, R5E, SEC 30, 
10, Butte, Brush Creek, 1970, Brush Creek (LO site), , 3540, Spot, 394126, 1212048, Plumas, , T21N, R6E, SEC 7, 
11, Butte, Paradise West, 1980, Lone Pine (LO site), , 2416, Spot, 395201, 1214049, , , T23N, R3E, SEC 7, 
12, Butte, Cohasset, 1979, Platte Mtn, AS, 3540, Inter., 395604, 1213844, , Cal Fire, T24N, R3E, SEC 16, 
13, Butte, Paradise East, 1980, Sawmill Peak, AS, 3333, BM, 394843, 1213332, Lassen, Cal Fire, T23N, R4E, SEC 32, 
14, Butte, Forbestown, 1970, Sunset Hill, A, 3323, BM, 393126, 1211800, Plumas, Cal Fire, T19N, R6E, SEC 9, 
15, Butte, Clipper Mills, 1975, Swain Hill, , 4088, Inter., 393659, 1211427, , , T20N, R6E, SEC 1, 
16, Calaveras, Angels Camp, 1973, Bear Mountain, Fowler LO, A, 2896, VABM, 380110, 1203502, , , T2N, R13E, SEC 18, 
17, Calaveras, Dorrington, 1979, Blue Mountain, AS, 6073, BM, 382031, 1202153, Stanislaus, Cal Fire, T6N, R15E, SEC 30, 
18, Calaveras, Murphys, 1948, Darby Knob (LO site), , 3692, BM, 381017, 1202307, , Private Land, T4N, R14E, SEC 25, 
19, Calaveras, Devils Nose, 1979, Devils Nose (LO site), , 4807, BM, 382746, 1202514, , Private Land, T7N, R14E, SEC 15, 
20, Calaveras, Garnet Hill, 1979, Folsom (LO site), , 4980, Inter., 382612, 1202116, Stanislaus, , T7N, R15E, SEC 29, 
21, Calaveras, Calaveritas, 1962, Quiggs Mountain, Sierra Vista LO, B, 2782, VABM, 381346, 1203652, , , T4N, R12E, SEC 2, 
22, Calaveras, Valley Springs, 1962, Valley Springs Peak (LO site), , 1214, VABM, 381222, 1205017, , Cal Fire, T4N, R10E, SEC 14, 
23, Colusa, Salt Canyon, 1994, Three Sisters (LO site), , 1935, BM, 390718, 1221959, , , T15N, R4W, SEC 29, 
24, Contra Costa, Oakland East, 1980, Round Top (LO Site), , 1764, BM, 375100, 1221134, , , T1S, R3W, SEC 16, 
25, Del Norte, Prescott Mtn, 1981, Baldy Peak, , 5775, Spot, 414024, 1234312, Six Rivers, , T15N, R4E, SEC 21, 
26, Del Norte, Devils Punchbowl, 1981, Bear Basin Butte, AR, 5296, BM, 414833, 1234428, Six Rivers, , T16N, R4E, SEC 4, 
27, Del Norte, Ship Mountain, 1982, Buck Mountain (LO site), , 3830, BM, 413760, 1235203, Six Rivers, , T14N, R3E, SEC 5, 
28, Del Norte, Gasquet, 1997, Camp Six (LO site), , 3747, Spot, 414951, 1235237, Six Rivers, , T17N, R3E, SEC 31, 
29, Del Norte, Ship Mountain, 1982, Four Brothers #3, Ship Mtn LO, AS, 5320, BM, 414408, 1234735, Six Rivers, , T16N, R3E, SEC 35, 
30, Del Norte, Ship Mountain, 1982, Four Brothers #4, , 5320, Inter., 414341, 1234743, Six Rivers, , T16N, R3E, SEC 35, 
31, Del Norte, Shelly Creek Ridge [CA-OR], 1982, High Dome, , 3800, Inter., 415643, 1235107, Six Rivers, , T18N, R3E, SEC 20, 
32, Del Norte, High Plateau Mtn [CA-OR], 1982, High Plateau Mountain, , 3501, BM, 415501, 1235534, Six Rivers, , T18N, R2E, SEC 27, 
33, Del Norte, High Divide, 1966, Low Divide (LO site), , 2420, BM, 415540, 1240107, Six Rivers, , T18N, R1E, SEC 26, 
34, Del Norte, Shelly Creek Ridge [CA-OR], 1982, Monkey Creek Ridge, , 3705, BM, 415543, 1234657, Six Rivers, , T18N, R3E, SEC 26, 
35, Del Norte, Cant Hook Mtn, 1982, Rattlesnake (LO site), , 2650, Inter., 414209, 1235829, Six Rivers, , T15N, R2E, SEC 17, 
36, Del Norte, Klamath Glen, 1982, Red Mountain, AS, 4266, BM, 413127, 1235429, Six Rivers, Cal Fire, T13N, R2E, SEC 11, 
37, Del Norte, Broken Rib Mtn, 1982, Sanger Peak (LO site), C, 5865, BM, 415513, 1233921, Six Rivers, , T18N, R5E, SEC 29, 
38, Del Norte, Summit Valley, 1981, Summit Valley (LO site), , 4920, Inter., 413608, 1234902, Six Rivers, , T14N, R3E, SEC 15, 
39, Del Norte, Hurdygurdy Butte, 1997, Upper Coon Mountain (LO site), , 4000, Inter., 414907, 1235148, Six Rivers, , T17N, R3E, SEC 32, 
40, Del Norte, Siskiyou, Broken Rib Mtn, 1982, Youngs Peak (LO site), , 6308, Spot, 415325, 1233825, Klamath, Six Rivers (on bdys.), , T17N, R5E, SEC 4, 
41, El Dorado, Leek Spring Hill, 1973, Alder Ridge, A, 6195, VABM, 384440, 1202026, Eldorado, , T10N, R15E, SEC 5, 
42, El Dorado, Emerald Bay [CA-NV], 1992, Angora, , 7290, BM, 385256, 1200316, Eldorado, , T12N, R17E, SEC 13, 
43, El Dorado, Caldor, 1973, Armstrong Hill, B, 5704, BM, 383232, 1202303, Eldorado, , T8N, R14E, SEC 13, 
44, El Dorado, Tunnel Hill, 1973, Bald Mtn, AS, 4596, VABM, 385414, 1204218, Eldorado, , T12N, R11E, SEC 12, 
45, El Dorado, Sly Park, 1973, Baltic Peak (LO site), B, 5081, BM, 384139, 1203055, Eldorado, , T10N, R13E, SEC 26, 
46, El Dorado, Riverton, 1973, Big Hill, AS, 6158, BM, 385033, 1202427, Eldorado, , T12N, R14E, SEC 33, 
47, El Dorado, Leek Spring Hill, 1973, Iron Mtn (LO site), , 6180, Spot, 384217, 1202142, Eldorado, , T10N, R15E, SEC 19, 
48, El Dorado, Georgetown, 1973, Jakeys Hill, , 3327, BM, 385825, 1204747, Eldorado, , T13N, R11E, SEC 18, 
49, El Dorado, Leek Spring Hill, 1973, Leek Spring Hill, AS, 7624, BM, 383746, 1201638, Eldorado, , T9N, R15E, SEC 14, 
50, El Dorado, Devil Peak, 1973, Lookout Mountain (LO site), , 5162, VABM, 385301, 1203341, , Private Land, T12N, R13E, SEC 18, 
51, El Dorado, Camino, 1973, Mt Danaher, A, 3380, Inter., 384440, 1204004, , Cal Fire, T10N, R12E, SEC 5, 
52, El Dorado, Pilot Hill, 1978, Pilot Hill, AV, 1869, Spot, 384905, 1210148, , Cal Fire, T11N, R8E, SEC 12, 
53, El Dorado, Shingle Springs, 1973, Pine Hill, B, 2062, VABM, 384310, 1205926, , Pine Hill Preserve, T10N, R9E, SEC 16, 
54, El Dorado, Caldor, 1973, Plummer Ridge (LO site), , 4900, Inter., 383646, 1202651, Eldorado, , T9N, R14E, SEC 20, 
55, El Dorado, Robbs Peak, 1973, Robbs Peak, AR, 6686, VABM, 385529, 1202413, Eldorado, , T13N, R14E, SEC 34, 
56, El Dorado, Slate Mtn, 1973, Slate Mtn (LO site), , 3893, BM, 384924, 1204104, Eldorado, , T11N, R12E, SEC 6, 
57, Fresno, Dinkey Creek, 1982, Bald Mtn, B, 7836, BM, 370614, 1191221, Sierra, , T9S, R25E, SEC 35, 
58, Fresno, Orange Cove North, 1966, Bear Mtn, , 3410, Inter., 364445, 1191658, , , T14S, R25E, SEC 5, 
59, Fresno, Auberry, 1983, Black Mountain, A, 3598, BM, 370048, 1192708, , Cal Fire, T10S, R23E, SEC 34, 
60, Fresno, Shaver Lake, 1982, Burrough Mountain (LO site), , 4223, BM, 370059, 1192223, Sierra, , T10S, R24E, SEC 32, 
61, Fresno, Verplank Ridge, 1987, Delilah, AV, 5156, Spot, 364815, 1190703, Sequoia, , T13S, R26E, SEC 14, 
62, Fresno, Sacate Ridge, 1987, Fence Meadow, AS, 5256, BM, 365741, 1191031, Sierra, , T11S, R26E, SEC 19, 
63, Fresno, Trimmer, 1978, Hog Mountain (LO site), , 3145, BM, 365309, 1191848, Sierra, , T12S, R24E, SEC 13, 
64, Fresno, Balloon Dome, 1982, Mount Tom, AS, 9030, BM, 372232, 1191046, Sierra, , T6S, R26E, SEC 30, 
65, Fresno, Musick Mtn, 1982, Musick Mountain, A, 6811, BM, 371012, 1191831, Sierra, , T9S, R24E, SEC 1, 
66, Fresno, Friant, 1964, Owens Mountain (LO site), , 1607, BM, 365548, 1193830, , Private Land, T11S, R21E SEC 35, 
67, Fresno, Cedar Grove, 1992, Stag Dome (LO site), , 7710, Spot, 364915, 1184204, Sequoia (on boundary), Kings Canyon National Park, T13S, R30E, SEC 3, 
68, Glenn, Elk Creek, 1968, Bidwell Point (LO site), , 1197, BM, 393603, 1223158, , , T20N, R6W, SEC 9, 
69, Glenn, Plaskett Meadows, 1967, Black Butte (LO site), , 7455, BM, 394336, 1225221, Mendocino, , T22N, R9W, SEC 27, 
70, Glenn, Stonyford, 1994, Black Diamond (LO site), , 3228, BM, 392435, 1223716, Mendocino, , T18N, R7W, SEC 15, 
71, Glenn, Alder Springs, 1967, Long Point (LO site), , 3484, BM, 394119, 1224231, Mendocino, , T21N, R8W, SEC 12, 
72, Glenn, Chrome, 1968, Red Mtn (LO site), , 3639, BM, 394433, 1223634, Mendocino, , T22N, R7W, SEC 23, 
73, Glenn, Hall Ridge, 1973, Valley View (LO site), , 5072, BM, 394617, 1224103, Mendocino, , T22N, R7W, SEC 7, 
74, Humboldt, Hoopa, 1979, Big Hill, B, 3583, BM, 410552, 1233809, , Hoopa Valley Indian Reservation, T8N, R5E, SEC 8, 
75, Humboldt, Blake Mountain, 1979, Blake Mountain (LO site), , 5909, BM, 403652, 1233338, Six Rivers, Shasta-Trinity (on bdys.), , T3N, R5E, SEC 25, 
76, Humboldt, Board Camp Mtn, 1977, Board Camp Mtn, , 5191, BM, 404150, 1234306, Six Rivers, , T4N, R4E, SEC 27, 
77, Humboldt, Willow Creek, 1979, Brush Mtn, AS, 3988, BM, 405452, 1234008, Six Rivers, , T6N, R4E, SEC 12, 
78, Humboldt, Blake Mountain, 1979, Cold Springs (LO site), , 5478, BM, 403217, 1233050, Six Rivers, Shasta-Trinity (on bdys.), , T2N, R6E, SEC 21, 
79, Humboldt, Blake Mountain, 1979, Eightmile (LO site), , 4440, Inter., 403128, 1233411, Six Rivers, , T2N, R5E, SEC 26, 
80, Humboldt, Weott, 1969, Grasshopper Mountain, A, 3379, BM, 401823, 1235840, , Humboldt Redwoods State Park, T2S, R2E, SEC 8, 
81, Humboldt, Grouse Mtn, 1979, Grouse Mtn, , 5413, BM, 404533, 1234021, , Private Land, T4N, R4E, SEC 1, 
82, Humboldt, Iaqua Buttes, 1979, Iaqua Buttes, A, 3729, BM, 404009, 1235258, , BLM, T3N, R3E, SEC 6, 
83, Humboldt, Black Lassic, 1979, Mount Lassic (LO site), , 5400, Inter., 401747, 1233305, Six Rivers, , T2S, R5E, SEC 13, 
84, Humboldt, Scotia, 1970, Mt Pierce (LO site), , 3195, BM, 402502, 1240714, , , T1N/T1S, R1W/R1E, 
85, Humboldt, Harris, 1969, Pratt Mtn (LO site), , 3895, BM, 400712, 1234134, , Private Land, T4S, R4E, SEC 14, 
86, Humboldt, Bald Hills, 1982, Schoolhouse Peak, A, 3101, BM, 410912, 1235255, , Redwood National Park, T9N, R3E, SEC 19, 
87, Humboldt, Weitchpec, 1979, Shelton Butte (LO site), , 3568, BM, 411417, 1233758, Six Rivers, , T10N, R5E, SEC 20, 
88, Humboldt, Hupa Mountain, 1982, Sugar Pine Mountain (LO site), , 3942, Spot, 410222, 1234512, , Hoopa Valley Indian Reservation, T8N, R4E, SEC 32, 
89, Humboldt, Siskiyou, Orleans Mtn, 1974, Orleans Mtn, A, 6196, BM, 411644, 1232712, Klamath, Six Rivers (on bdys.), , T10N, R6E, SEC 11, 
90, Kern, Orchard Peak, 1993, Annette, B, 2359, BM, 353905, 1201012, , Private Land, T26S, R17E, SEC 20, 
91, Kern, White River, 1973, Blue Mtn, B, 4829, BM, 354536, 1184534, , Cal Fire, T25S, R30E, SEC 16, 
92, Kern, Breckenridge Mtn, 1994, Breckenridge Mtn, AS, 7550, BM, 352703, 1183501, Sequoia, , T28S, R32E, SEC 31, 
93, Kern, Lake Isabella South, 1994, Cook Peak (LO site), , 5409, BM, 353718, 1182617, , BLM, T26S, R33E, SEC 33, 
94, Kern, Grapevine, 1991, Grapevine Peak (LO site), , 4817, BM, 345411, 1185416, , Tejon Ranch, T10N, R19W, 
95, Kern, McKittrick Summit, 1978, McKittrick Summit (LO site), , 4336, VABM, 351726, 1194550, , Private Land, T30S, R21E, SEC 30, 
96, Kern, Democrat Hot Springs, 1994, Oak Flat, AR, 4923, BM, 353207, 1184226, Sequoia, , T27S, R30E, SEC 36, 
97, Kern, Claraville, 1994, P8326 ft (Piute LO site), , 8326, BM, 352847, 1182134, Sequoia, , T28S, R34E, SEC 30, 
98, Kern, Tobias Peak, 1994, Sunday Peak (LO site), , 8304, BM, 354656, 1183506, Sequoia, , T25S, R32E, SEC 6, 
99, Kern, Tehachapi North, 1992, Tollgate, A, 5580, Spot, 351353, 1182701, , Loop Ranch, T31S, R33E, SEC 17, 
100, Kings, Pyramid Hills, 1994, Cottonwood Pass, B, 1050, Inter., 355112, 1200434, , Cal Fire, T24S, R17E, SEC 12, 
101, Lake, Elk Mountain, 1973, Elk Mountain (LO site), , 4191, Spot, 391656, 1225611, Mendocino, , T17N, R10W, SEC 36, 
102, Lake, Potter Valley, 1960, Garrett Mountain, , 3964, BM, 391917, 1230038, Mendocino, , T17N, R10W, SEC 20, 
103, Lake, Bartlett Mtn, 1994, High Glade, AS, 4843, VABM, 391235, 1224839, Mendocino, , T16N, R9W, SEC 25, 
104, Lake, Upper Lake, 1996, Hunter Point (LO site), , 2966, BM, 391244, 1225715, Mendocino, , T16N, R10W, SEC 27, 
105, Lake, Potter Valley, 1960, Pine Mountain, AR, 3793, Spot, 392201, 1230113, Mendocino, , T18N, R10W, SEC 32, 
106, Lake, Bartlett Mtn, 1994, Pinnacle Rock (LO site), , 4620, VABM, 390851, 1224554, Mendocino, , T15N, R8W, SEC 16, 
107, Lake, Potato Hill, 1994, Potato Hill (LO site), , 4412, BM, 392109, 1224814, Mendocino, , T17N, R8W, SEC 6, 
108, Lake, St John Mtn, 1994, Sheetiron Mtn (LO site), , 6507, BM, 392929, 1224403, Mendocino, , T19N, R8W, SEC 22, 
109, Lake, Kelseyville, 1993, Wright Peak (Konocti LO), AV, 4305, BM, 385829, 1224557, , Cal Fire, T13N, R8W, SEC 17, 
110, Lake, Colusa, Fouts Springs, 1994, Goat Mountain, B, 6127, BM, 391537, 1224254, Mendocino, , T16N, R8W, SEC 2, 
111, Lake, Colusa, Hough Springs, 1994, Pacific Point (LO site), , 3860, Inter., 391250, 1223552, Mendocino, , T16N, R7W, SEC 23, 
112, Lassen, Antelope Mountain, 1983, Antelope Mtn, AS, 7681, BM, 403533, 1205438, Lassen, , T32N, R9E, SEC 36, 
113, Lassen, Corders Reservoir, 1983, Blacks Ridge, , 6047, VABM, 405024, 1211034, Lassen, , T34N, R7E, SEC 3, 
114, Lassen, Dixie Peak, 1983, Boyd Hill (LO site), , 5945, BM, 405908, 1210334, Modoc, , T36N, R8E, SEC 4, 
115, Lassen, Spalding Tract, 1983, Dow Butte (LO site), , 6749, BM, 404426, 1204938, Lassen, , T33N, R10E, SEC 10, 
116, Lassen, Canyondam, 1979, Dyer Mtn, A, 7475, BM, 401422, 1210157, Lassen, Cal Fire, T28N, R8E, SEC 36, 
117, Lassen, Fredonyer Peak, 1989, Fredonyer Peak, AS, 7948, BM, 404116, 1203555, , Cal Fire, T33N, R12E, SEC 26, 
118, Lassen, Gallatin Peak, 1989, Greens Peak (Don Landon LO), AS, 7145, BM, 403025, 1204221, , Cal Fire, T31N, R11E, SEC 35, 
119, Lassen, Harvey Mtn, 1983, Harvey Mtn, AS, 7355, BM, 404427, 1210207, Lassen, , T33N, R8E, SEC 12, 
120, Lassen, Said Valley, 1983, Hayden Hill (LO site), , 6305, BM, 405955, 1205213, , BLM, T37N, R10E, SEC 31, 
121, Lassen, Jellico, 1990, Ladder Butte (LO site), , 5746, BM, 404838, 1211825, Lassen, , T34N, R6E, SEC 16, 
122, Lassen, Bullard Lake, 1983, Lava Peak (LO site), , 6616, BM, 404949, 1205331, Lassen, , T34N, R10E, SEC 7, 
123, Lassen, Likely, 1990, Likely Mountain, AS, 7381, BM, 410919, 1203350, Modoc, Cal Fire, T38N, R12E, SEC 2, 
124, Lassen, Observation Peak, 1989, Observation Peak, AS, 7968, BM, 404627, 1201018, , BLM, T34N, R16E, SEC 28, 
125, Lassen, Pegleg Mtn, 1980, Pegleg Mtn, AS, 7112, BM, 402425, 1205709, Lassen, , T29N, R9E, SEC 3, 
126, Lassen, Constantia, 1994, Seven Lakes Mountain, C, 5590, BM, 395525, 1200019, , BLM, T24N, R18E, SEC 30, 
127, Lassen, Shaffer Mtn, 1988, Shaffer Mountain (LO site), , 6739, BM, 402648, 1202128, , , T30N, R14E, SEC 24, 
128, Lassen, Dixie Peak, 1983, Snag Hill, AS, 6072, Spot, 405813, 1210043, Lassen, , T36N, R8E, SEC 11, 
129, Los Angeles, Mount San Antonio, 1995, Blue Ridge (LO site), , 8480, BM, 342106, 1174035, Angeles, , T3N, R8W, SEC 13, 
130, Los Angeles, Point Dume, 1995, Bodle Peak (LO site), , 2451, BM, 340629, 1185040, , Santa Monica Mts. Natl. Rec. Area, T1S, R19W, SEC 2, 
131, Los Angeles, Point Dume, 1995, Castro Peak (LO site), , 2824, BM, 340508, 1184708, Private Property, Santa Monica Mts. Natl. Rec. Area, T1S, R18W, SEC 17, 
132, Los Angeles, Warm Springs Mountain, 1988, Charlie Peak, , 2017, BM, 343102, 1183533, Angeles, , T5N, R16W, SEC 18, 
133, Los Angeles, Lake Hughes, 1974, Grass Mountain (LO site), , 4605, Spot, 343828, 1182449, Angeles, , T6N, R15W, SEC 1, 
134, Los Angeles, Glendora, 1972, Johnstone Peak, , 3178, BM, 340935, 1174759, Angeles, San Dimas Experimental Forest, T1N, R9W, SEC 23, 
135, Los Angeles, Condor Peak, 1994, Josephine Peak (LO site), , 5560, BM, 341708, 1180914, Angeles, , T2N, R12W, SEC 5, 
136, Los Angeles, Mt Baldy, 1988, Lookout Mtn (LO site), , 6827, BM, 341455, 1174030, Angeles, , T2N, R8W, SEC 24, 
137, Los Angeles, San Fernando, 1988, Los Pinetos (LO site), , 3580, Inter., 342117, 1182733, Angeles, , T3N, R15W, SEC 9, 
138, Los Angeles, Sunland, 1991, Mendenhall Peak (LO site), , 4636, Spot, 342054, 1181849, Angeles, , T3N, R14W, SEC 14, 
139, Los Angeles, Acton, 1995, Mount Gleason (LO site), , 6540, Inter., 342246, 1181039, Angeles, , T3N, R12W, SEC 6, 
140, Los Angeles, Crystal Lake, 1995, Mt Islip (LO site), , 8255, Spot, 342042, 1175024, Angeles, , T3N, R9W, SEC 17, 
141, Los Angeles, Condor Peak, 1994, Mt Lukens (LO site), , 5075, BM, 341608, 1181420, Angeles, , T2N, R13W, SEC 9, 
142, Los Angeles, Oat Mountain, 1969, Oat Mountain (LO site), , 3732, BM, 341947, 1183604, , California State Property, T3N, R16W, SEC 19, 
143, Los Angeles, Acton, 1995, Parker Mtn (LO site), , 4134, BM, 342735, 1181308, , State land, T4N, R13W, SEC 2, 
144, Los Angeles, Azusa, 1995, Pine Mountain (LO site), , 4539, BM, 341324, 1175407, Angeles, , T2N, R10W, SEC 26, 
145, Los Angeles, Liebre Mtn, 1995, Reservoir Summit (LO site), , 3976, BM, 343943, 1184345, Angeles, , T7N, R17W, SEC 30, 
146, Los Angeles, Mt Wilson, 1994, San Gabriel Peak (LO site), , 6161, BM, 341436, 1180555, Angeles, , T2N, R12W, SEC 24, 
147, Los Angeles, Pasadena, 1994, San Rafael, , 1889, BM, 341115, 1181228, , , T1N, R13W, 
148, Los Angeles, Canoga Park, 1967, San Vicente Mtn (LO site), , 1961, BM, 340743, 1183046, , Santa Monica Mts. National Rec. Area, T1N, R16W, SEC 35, 
149, Los Angeles, Burnt Peak, 1988, Sawmill Mountain (LO site), , 5495, VABM, 344136, 1183335, Angeles, , T7N, R16W, SEC 15, 
150, Los Angeles, Sleepy Valley, 1974, Sierra Pelona (LO site), , 4853, BM, 343339, 1182122, Angeles, , T6N, R14W, SEC 34, 
151, Los Angeles, Black Mountain, 1991, Slide Mountain, A, 4631, BM, 343758, 1184640, Angeles, , T6N, R18W, SEC 10, 
152, Los Angeles, Crystal Lake, 1995, South Mt Hawkins (LO site), C, 7783, Spot, 341841, 1174838, Angeles, , T3N, R9W, SEC 27, 
153, Los Angeles, Mt Baldy, 1988, Sunset Peak (LO site), , 5796, BM, 341259, 1174123, Angeles, , T2N, R8W, SEC 35, 
154, Los Angeles, Lebec, 1991, Tejon Mountain (LO site), , 4875, BM, 344813, 1184856, , Tejon Ranch, T8N, R18W, SEC 5, 
155, Los Angeles, Baldwin Park, 1981, Temple (LO site), , 361, Inter., 340647, 1180002, , Monrovia city property, T1S, R11W, SEC 2, 
156, Los Angeles, Malibu Beach, 1994, Topanga (LO site), , 2469, Spot, 340531, 1183810, , Santa Monica Mts. National Rec. Area, T1S, R17W, SEC 11, 
157, Los Angeles, Burbank, 1994, Verdugo BM (LO site), , 3143, BM, 341255, 1181648, , , T2N, R13W, SEC 31, 
158, Los Angeles, Chilao Flat, 1994, Vetter Mountain, AV, 5908, Spot, 341749, 1180143, Angeles, , T3N, R11W, SEC 34, 
159, Los Angeles, Warm Springs Mountain, 1988, Warm Springs Mtn (LO site), , 4021, VABM, 343544, 1183447, Angeles, , T6N, R16W, SEC 21, 
160, Los Angeles, Liebre Mtn, 1995, West Liebre (LO site), , 5100, Inter., 344334, 1184210, Angeles, , T7N, R17W, SEC 5, 
161, Los Angeles, Whitaker Peak, 1988, Whitaker Peak (LO site), , 4121, BM, 343403, 1184434, Angeles, , T6N, R18W, SEC 36, 
162, Madera, Cascadel Point, 1982, Castle Peak (LO site), , 4065, BM, 371106, 1192633, Sierra, , T8S, R23E, SEC 34, 
163, Madera, Ahwahnee, 1990, Deadwood Peak, B, 4540, BM, 371849, 1194109, Sierra, , T7S, R21E, SEC 21, 
164, Madera, Bass Lake, 1990, Goat Mountain, B, 4677, BM, 371620, 1193300, Sierra, , T7S, R22E, SEC 34, 
165, Madera, Knowles, 1981, Red Top (LO site), , 1840, VABM, 370742, 1194636, , Private Land, T9S, R20E, SEC 22, 
166, Madera, Shuteye Peak, 1990, Shuteye Peak, AS, 8355, BM, 372058, 1192542, Sierra, , T7S, R23E, SEC 2, 
167, Marin, San Geronimo, 1978, Barnabe Mtn, , 1466, Spot, 380140, 1224259, , Samuel P. Taylor State Park (on bdy.), T2N, R8W, SEC 15, 
168, Marin, San Rafael, 1993, Mount Tamalpais, Gardner LO, AV, 2567, BM, 375545, 1223440, , Mount Tamalpais State Park, T1N, R6W, 
169, Mariposa, Wawona, 1992, Signal Peak, AS, 6992, BM, 373145, 1194426, Sierra, , T5S, R20E, SEC 1, 
170, Mariposa, Ben Hur, 1981, Green Mountain, , 1374, BM, 371555, 1195928, , , T8S, R18E, SEC 3, 
171, Mariposa, Catheys Valley, 1981, Guadalupe Peak (LO site), , 2850, Inter., 372659, 1200359, , Private Land, T5S, R17E, SEC 36, 
172, Mariposa, El Capitan, 1992, Henness Ridge, A, 6339, Spot, 373818, 1194319, , Yosemite National Park, T3S, R20E, SEC 25, 
173, Mariposa, Fish Camp, 1990, Miami Mountain, AV, 4327, BM, 372510, 1194443, Sierra, , T6S, R20E, SEC 11, 
174, Mariposa, Penon Blanco Peak, 1987, Penon Blanco Peak, B, 2880, VABM, 374356, 1201541, , Cal Fire, T2S, R15E, SEC 25, 
175, Mariposa, El Portal, 1981, Pinoche Peak (LO site), , 5765, Spot, 373804, 1194634, Sierra, , T3S, R20E, SEC 33, 
176, Mariposa, El Portal, 1981, Trumbull, B, 4856, BM, 374053, 1195148, Stanislaus, , T3S, R19E, SEC 9, 
177, Mariposa, Hornitos, 1973, Williams Peak (LO site), A, 3205, BM, 373600, 1201015, , BLM, T4S, R15E, SEC 11, 
178, Mariposa, Tuolumne, Ascension Mountain, 1992, Pilot Peak, AS, 6009, BM, 374546, 1195610, Stanislaus, , T2S, R18E, SEC 13, 
179, Mendocino, Mendocino Pass, 1973, Anthony Peak, AV, 6960, BM, 395047, 1225753, Mendocino, , T23N, R10W, SEC 15, 
180, Mendocino, Cahto Peak, 1994, Cahto Peak, A, 4180, Inter., 394109, 1233455, , Cal Fire, T21N, R15W, SEC 7, 
181, Mendocino, Cold Spring, 1991, Cold Spring Mountain, AS, 2739, BM, 390120, 1233123, , Cal Fire, T13N, R15W, SEC 4, 
182, Mendocino, McGuire Ridge, 1991, Gualala Mtn (LO site), , 2192, BM, 385121, 1232948, , , T12N, R15W, SEC 35, 
183, Mendocino, Iron Peak, 1994, Iron Peak, A, 4492, BM, 394831, 1232854, , Cal Fire, T23N, R15W, SEC 25, 
184, Mendocino, Mathison Peak, 1991, Mathison Peak (LO site), , 1030, BM, 391619, 1234132, , , T16N, R16W, SEC 6, 
185, Mendocino, Sanhedrin Mtn, 1994, Mount Sanhedrin, B, 6186, BM, 393057, 1230546, Mendocino, , T19N, R11W, SEC 8, 
186, Mendocino, Thatcher Ridge, 1994, Poison Rock (LO site), , 5559, BM, 394345, 1230150, Mendocino, , T22N, R11W, SEC 25, 
187, Mendocino, Greenough Ridge, 1991, Two Rock, , 2700, Inter., 392138, 1232643, , , T17N, R14W, SEC 5, 
188, Mendocino, Lake, Hull Mountain, 1973, Hull Mountain (LO site), , 6876, BM, 393119, 1225613, Mendocino, , T19N, R10W, SEC 11, 
189, Merced, San Luis Dam, 1978, Basalt Hill, A, 1712, BM, 370109, 1210511, , San Luis Reservoir State Rec. Area, T10S, R8E, SEC 34, 
190, Modoc, Hager Basin, 1990, Blue Mountain, AS, 5744, BM, 414948, 1205149, Modoc, , T46N, R10E SEC 18, 
191, Modoc, Hager Basin, 1990, Blue Mountain LO tree, , 5755, BM, 414944, 1205107, Modoc, , T46N, R10E SEC 17, 
192, Modoc, Halls Canyon, 1990, Fox Mountain (LO site), , 6392, Spot, 411611, 1210228, Modoc, , T40N, R8E, SEC 34, 
193, Modoc, Happy Camp Mountain, 1990, Happy Camp Mtn, AS, 6142, BM, 412457, 1210633, Modoc, , T41N, R7E, SEC 1, 
194, Modoc, Hermit Butte, 1990, Manzanita Mountain, AS, 7039, BM, 411641, 1204805, Modoc, Cal Fire, T40N, R10E, SEC 26, 
195, Modoc, Sugar Hill, 1990, Sugar Hill, AV, 7267, VABM, 414814, 1201935, Modoc, , T46N, R14E, SEC 26, 
196, Modoc, Perez, 1988, Timber Mountain, AS, 5090, BM, 413745, 1211745, Modoc, , T44N, R6E, SEC 29, 
197, Modoc, Warren Peak, 1982, Warren Peak (LO site), , 9714, BM, 412243, 1201311, Modoc, , T41N, R15E, SEC 22, 
198, Mono, Crestview, 1986, Bald Mountain, AS, 9111, BM, 374702, 1185405, Inyo, , T2S, R28E, SEC 8, 
199, Monterey, Partington Ridge, 1984, Anderson Peak (LO site), , 4099, BM, 361051, 1213834, Los Padres, , T20S, R3E, SEC 21, 
200, Monterey, Cape San Martin, 1949, Chalk Peak (LO site), , 3630, Inter., 355918, 1212539, Los Padres, , T22S, R5E, SEC 28, 
201, Monterey, Chews Ridge, 1984, Chews Ridge, B, 5082, BM, 361839, 1213406, Los Padres, , T19S, R4E, SEC 6, 
202, Monterey, Cone Peak, 1981, Cone Peak, A, 5155, BM, 360307, 1212947, Los Padres, , T22S, R4E, SEC 2, 
203, Monterey, Junipero Serra Peak, 1979, Junipero Serra, B, 5860, Spot, 360846, 1212515, Los Padres, , T20S, R5E, SEC 34, 
204, Monterey, Mt Carmel, 1983, Mt Carmel (LO site), , 4417, BM, 362309, 1214718, Los Padres, , T18S, R2E, SEC 7, 
205, Monterey, Chualar, 1984, Mt Toro (LO site), , 3564, BM, 363134, 1213635, , Private Land, T16S, R3E, SEC 23, 
206, Monterey, Mt Carmel, 1983, Pinyon Peak (Sid Ormsbee LO), A, 2249, VABM, 362920, 1214713, , Private Land, Cal Fire, T17S, R2E, SEC 6, 
207, Monterey, Junipero Serra Peak, 1979, Pinyon Peak (LO site), , 5264, Spot, 361009, 1212247, Los Padres, , T20S, R5E, SEC 25, 
208, Monterey, Cape San Martin, 1995, Plaskett Ridge (LO site), , 3365, Inter., 355657, 1212517, Los Padres, , T23S, R5E, SEC 10, 
209, Monterey, Wunpost, 1979, Semas Mountain (LO site), , 1219, BM, 355258, 1204919, , Private Land, T23S, R11E, SEC 31, 
210, Monterey, Burro Mountain, 1972, Three Peaks (LO site), , 3379, Spot, 355051, 1211819, Los Padres (on bdy.), Fort Hunter Liggett (on bdy.), T24S, R6E, SEC 15, 
211, Monterey, Ventana Cones, 1974, Ventana Double Cone (LO site), , 4853, Spot, 361749, 1214254, Los Padres, , T19S, R2E, SEC 11, 
212, Monterey, Williams Hill, 1979, Williams Hill (Calandra LO), A, 2802, BM, 355705, 1210006, , BLM, T23S, R9E, SEC 4, 
213, Monterey, Fresno, Smith Mountain, 1981, Smith Mountain, A, 3950, BM, 360444, 1203546, , Cal Fire, T21S, R13E, SEC 29, 
214, Monterey, San Benito, San Juan Bautista, 1993, Fremont Peak (LO site), , 3173, BM, 364526, 1213015, , Fremont Peak State Park, T13S, R4E, SEC 35, 
215, Monterey, San Benito, North Chalone Peak, 1984, North Chalone Peak, B, 3307, BM, 362651, 1211144, , Pinnacles National Monument, T17S, R7E, SEC 15, 
216, Napa, Yolo, Brooks, 1992, Berryessa Peak (LO site), , 3062, BM, 383949, 1221125, , , T10N, R3W, SEC 34, 
217, Nevada, Chicago Park, 1979, Banner Mtn, AS, 3902, BM, 391444, 1205756, , Cal Fire, T16N, R9E, SEC 16, 
218, Nevada, Dutch Flat, 1979, Camels Hump (LO site), , 3520, Inter., 391301, 1205104, Tahoe, , T16N, R10E, SEC 27, 
219, Nevada, Alleghany, 1973, Cherry Hill (LO site), , 5226, BM, 392502, 1204751, Tahoe, , T18N, R10E, SEC 24, 
220, Nevada, Pike, 1975, Columbia Hill (LO site), , 3903, BM, 392325, 1205802, Tahoe, , T18N, R9E, SEC 28, 
221, Nevada, English Mtn, 1983, Grouse Ridge, B, 7711, BM, 392311, 1203646, Tahoe, , T18N, R12E, SEC 34, 
222, Nevada, Heenan Lake, 1979, Markleeville Peak (LO site), , 7589, Spot, 384121, 1194304, Toiyabe, , T10N, R21E, SEC 30, 
223, Nevada, Cisco Grove, 1979, Red Mountain, B, 7720, Inter., 392009, 1203226, Tahoe, , T17N, R13E, SEC 17, 
224, Nevada, Grass Valley, 1995, Wolf Mountain, AS, 2633, BM, 390759, 1210600, , Cal Fire, T15N, R8E, SEC 21, 
225, Orange, El Toro, 1982, Bolero (LO site), , 1770, Inter., 334233, 1173914, , , T5S, R7W, 
226, Orange, Yorba Linda, 1981, Gilman Peak (LO site), , 1677, BM, 335526, 1174636, , , T3S, R9W, SEC 12, 
227, Orange, Canada Gobernadora, 1997, San Juan (LO site), , 2050, Inter., 333553, 1173007, Cleveland, , T6S, R6W, SEC 33, 
228, Orange, Riverside, Santiago Peak, 1988, Santiago Peak (LO site), , 5690, BM, 334238, 1173203, Cleveland, , T5S, R6W, SEC 29, 
229, Placer, Duncan Peak, 1979, Big Valley Bluff (LO site), , 6365, Spot, 391337, 1203444, Tahoe, , T16N, R12E, SEC 25, 
230, Placer, Bunker Hill, 1973, Bunker Hill, A, 7524, VABM, 390258, 1202250, Eldorado, , T14N, R14E, SEC 23, 
231, Placer, Duncan Peak, 1979, Duncan Peak (LO site), , 7116, Spot, 390916, 1203045, Tahoe, , T15N, R13E, SEC 10, 
232, Placer, Duncan Peak, 1979, Duncan Peak (Little Bald Mtn. Lookout), AS, 7180, Inter., 390838, 1203033, Tahoe, , T15N, R13E, SEC 15, 
233, Placer, Westville, 1979, Helester Pt (LO site), , 4929, VABM, 391250, 1204136, Tahoe, , T16N, R11E, SEC 36, 
234, Placer, Colfax, 1973, Howell Hill, AS, 2607, BM, 390402, 1205819, , Cal Fire, T14N, R9E, SEC 16, 
235, Placer, Martis Peak [CA-NV], 1992, Martis Peak, AS, 8660, BM, 391733, 1200205, Tahoe, Cal Fire, T17N, R17E, SEC 25, 
236, Placer, Michigan Bluff, 1973, Mosquito Ridge (LO site), , 3509, Spot, 390135, 1204208, Tahoe, , T14N, R11E, SEC 25, 
237, Placer, Kings Beach, 1992, Stateline (LO site), C, 7017, Spot, 391353, 1200032, Tahoe, , T16N, R18E, SEC 19, 
238, Plumas, Spring Garden, 1975, Argentine Rock, B, 7227, VABM, 395708, 1204547, Plumas, , T24N, R11E, SEC 17, 
239, Plumas, Bucks Lake, 1979, Bald Eagle Mtn (LO site), , 7186, BM, 395617, 1211409, Plumas, , T24N, R7E, SEC 18, 
240, Plumas, Belden, 1991, Ben Lomond, , 6457, BM, 400006, 1211826, Plumas, , T25N, R6E, SEC 21, 
241, Plumas, Ferris Creek, 1977, Black Mtn, AR, 7077, BM, 400653, 1201917, Plumas, , T26N, R15E, SEC 17, 
242, Plumas, American House, 1994, Camel Pk (LO site), , 5717, BM, 394313, 1210606, Plumas, , T22N, R8E, SEC 32, 
243, Plumas, Quincy, 1975, Claremont (LO site), , 6994, Spot, 395300, 1205644, Plumas, , T23N, R9E, SEC 2, 
244, Plumas, Dixie Mountain, 1972, Dixie Mountain, AS, 8327, BM, 395620, 1201707, Plumas, , T24N, R15E, SEC 15, 
245, Plumas, Kettle Rock, 1972, Kettle Rock (LO site), B, 7833, BM, 400847, 1204314, Plumas, , T26N, R11E, SEC 2, 
246, Plumas, American House, 1994, Lexington Hill (LO site), , 5771, BM, 394044, 1210035, Plumas, , T21N, R9E, SEC 18, 
247, Plumas, Gold Lake, 1981, Mt Elwell (LO site), , 7818, Spot, 394230, 1204121, Plumas, , T21N, R11E, SEC 22, 
248, Plumas, Mt Harkness, 1985, Mt Harkness, AS, 8049, BM, 402552, 1211806, , Lassen Volcanic National Park, T30N, R6E, SEC 27, 
249, Plumas, Crescent Mills, 1980, Mt Hough, AS, 7235, BM, 400239, 1205310, Plumas, , T25N, R10E, SEC 8, 
250, Plumas, Mt Ingalls, 1972, Mt Ingalls (LO site), , 8376, BM, 395939, 1203739, Plumas, , T25N, R12E, SEC 28, 
251, Plumas, Blue Nose Mtn, 1973, Pilot Peak, C, 7461, VABM, 394700, 1205208, Plumas, , T22N, R10E, SEC 9, 
252, Plumas, Quincy, 1975, Radio Hill, , 3938, BM, 395625, 1205544, , Private Land, T24N, R9E, SEC 13, 
253, Plumas, Caribou, 1979, Red Hill, C, 6352, BM, 400214, 1211115, Plumas, , T25N, R7E, SEC 10, 
254, Plumas, Diamond Mtn, 1972, Red Rock, AS, 7596, Spot, 401749, 1204235, Plumas, , T28N, R11E, SEC 11, 
255, Plumas, Blairsden, 1972, Smith Peak, AS, 7691, BM, 395202, 1203150, Plumas, , T23N, R13E, SEC 9, 
256, Plumas, Bucks Lake, 1979, Spanish Peak (LO site), , 7020, BM, 395604, 1210734, Plumas, , T24N, R8E, SEC 19, 
257, Plumas, Dogwood Peak, 1979, Table Mountain (LO site), , 6091, BM, 394618, 1210437, Plumas, , T22N, R8E, SEC 15, 
258, Plumas, Janesville, 1972, Thompson Peak, AS, 7793, BM, 401541, 1203329, Plumas, , T28N, R13E, SEC 30, 
259, Riverside, Cabazon, 1996, Barker Peak (LO site), , 4360, BM, 335301, 1165011, San Bernardino, , T3S, R1E, SEC 25, 
260, Riverside, Lake Fulmor, 1988, Black Mountain, AV, 7772, Spot, 334926, 1164527, San Bernardino, , T4S, R2E SEC 15, 
261, Riverside, Riverside East, 1980, Box Springs Mts (LO site), , 3090, Inter., 335741, 1171649, , , T2S, R4W, SEC 27, 
262, Riverside, Lake Mathews, 1988, Estelle, A, 2767, BM, 334603, 1172519, , , T5S, R5W, SEC 5, 
263, Riverside, Lake Fulmor, 1988, Ranger Peak (LO site), , 5082, BM, 335040, 1164931, San Bernardino, , T4S, R1E, SEC 1, 
264, Riverside, Blackburn Canyon, 1988, Red Mountain, AV, 4563, Spot, 333749, 1165053, San Bernardino, , T6S, R1E, SEC 23, 
265, Riverside, Orange, Black Star Canyon, 1988, Sierra Peak (LO site), , 3048, BM, 335101, 1173913, Cleveland, , T4S, R7W. SEC 6, 
266, Riverside, San Jacinto Peak, 1996, Tahquitz Peak, AV, 8846, BM, 334519, 1164037, San Bernardino, , T5S, R3E, SEC 9, 
267, Riverside, Anza, 1996, Thomas Mountain (LO site), , 6841, Inter., 333711, 1164052, San Bernardino, , T6S, R3E, SEC 28, 
268, Riverside, Lake Fulmor, 1996, Vista Grande (LO site), , 4892, Inter., 335008, 1164841, San Bernardino, , T4S, R2E, SEC 7, 
269, San Benito, San Benito, 1968, Call Mountain, B, 3888, Spot, 363709, 1210407, , Cal Fire, T15S, R8E, SEC 23, 
270, San Bernardino, Butler Peak, 1988, Butler Peak, AV, 8530, BM, 341524, 1170028, San Bernardino, , T2N, R1W, SEC 17, 
271, San Bernardino, Cajon, 1996, Cajon Mountain (LO site), , 5315, BM, 341616, 1172527, San Bernardino, , T2N, R5W, SEC 8, 
272, San Bernardino, Cajon, 1996, Cajon Summit (LO site), , 4403, BM, 342050, 1172704, San Bernardino, , T3N, R5W, SEC 18, 
273, San Bernardino, Lake Arrowhead, 1996, Grass Valley (LO site), , 5667, Spot, 341534, 1171356, San Bernardino, , T2N, R3W, SEC 18, 
274, San Bernardino, Keller Peak, 1996, Keller Peak, AV, 7886, BM, 341146, 1170258, San Bernardino, , T1N, R2W, SEC 1, 
275, San Bernardino, San Bernardino North, 1988, Little Mountain (LO site), , 1900, Inter., 340933, 1171854, , , T1N, R4W, SEC 20, 
276, San Bernardino, Yucaipa, 1988, Morton Peak, AR, 4624, BM, 340609, 1170226, San Bernadino, , T1S, R2W, SEC 12, 
277, San Bernardino, Guasti, 1981, Red Hill (Manker), , 1475, Inter., 340650, 1173717, , , T1S, R7W, SEC 4, 
278, San Bernardino, Devore, 1988, San Sevaine (LO site), , 5234, BM, 341300, 1172922, San Bernardino, , T2N, R6W, SEC 34, 
279, San Bernardino, Harrison Mtn, 1988, Strawberry Peak, AV, 6162, BM, 341355, 1171403, San Bernardino, , T2N, R3W, SEC 30, 
280, San Bernardino, Moonridge, 1996, Sugarloaf Mountain (LO site), , 9956, BM, 341156, 1164852, San Bernardino, , T1N, R2E, SEC 6, 
281, San Diego, Mesa Grande, 1988, Black Mtn (LO site), , 4048, BM, 330936, 1164829, Cleveland, , T12S, R2E, SEC 6, 
282, San Diego, Valley Center, 1975, Bottle Peak (LO site), , 2136, BM, 330938, 1170014, , , T12S, R1W, SEC 5, 
283, San Diego, Boucher Hill, 1988, Boucher Hill, AV, 5448, BM, 332005, 1165509, , Palomar Mountain State Park, T10S, R1E, SEC 6, 
284, San Diego, Cuyamaca Peak, 1982, Cuyamaca Peak (LO site), , 6508, VABM, 325648, 1163624, , Cuyamaca State Park, T14S, R4E, SEC 18, 
285, San Diego, Palomar Observatory, 1988, High Point (Palomar Mtn), AV, 6142, BM, 332149, 1165011, Cleveland, , T9S, R1E, SEC 25, 
286, San Diego, Hot Springs Mtn, 1988, Hot Springs Mtn, C, 6533, BM, 331851, 1163456, , Los Coyotes Indian Reservation, T10S, R4E, SEC 8, 
287, San Diego, Morena Reservoir, 1982, Los Pinos Mtn, AS, 4809, BM, 324404, 1163439, Cleveland, , T16S, R4E, SEC 33, 
288, San Diego, Dulzura, 1988, Lyons Peak, B, 3741, BM, 324206, 1164551, Cleveland, , T17S, R2E, SEC 10, 
289, San Diego, Margarita Peak, 1988, Santa Margarita (LO site), , 3090, Inter., 332724, 1172350, Cleveland, , T8S, R5W, SEC 27, 
290, San Diego, Temecula, 1975, Red Mountain, A, 1617, Spot, 332403, 1171125, , BLM, T9S, R3W, SEC 15, 
291, San Diego, Tecate, 1960, Tecate Peak (LO site), , 3885, VABM, 323446, 1164120, , BLM, T18S, R3E, SEC 28, 
292, San Diego, San Pasqual, 1982, Woodson Mtn (LO site), , 2901, BM, 330031, 1165814, , , T13S, R1W, SEC 27, 
293, San Luis Obispo, Los Machos Hills, 1976, Avenales (LO site), , 2858, Spot, 351122, 1201447, Los Padres, , T31S, R16E, SEC 34, 
294, San Luis Obispo, Arroyo Grande NE, 1993, Bald Mtn (LO site), , 2834, BM, 351424, 1203010, Los Padres, , T31S, R14E, SEC 8, 
295, San Luis Obispo, Camatta Ranch, 1966, Black Mtn (LO site), , 3622, BM, 352333, 1202107, Los Padres, , T29S, R15E, SEC 15, 
296, San Luis Obispo, Branch Mtn, 1967, Branch Mtn, , 3770, BM, 351106, 1200506, , Private Land, T31S, R18E, SEC 31, 
297, San Luis Obispo, Caliente Mtn, 1959, Caliente Mtn, C, 5106, VABM, 350211, 1194537, , BLM (summit is state land), T11N, R27W, SEC 16, 
298, San Luis Obispo, Atascadero, 1993, Cerro Alto (LO site), , 2624, Spot, 352452, 1204402, Los Padres, , T29S, R12E, SEC 7, 
299, San Luis Obispo, Santa Margarita Lake, 1976, Hi Mountain, A, 3198, Spot, 351536, 1202531, Los Padres, , T31S, R14E, SEC 1, 
300, San Luis Obispo, Fellows, 1973, Midway Peak (LO site), , 3662, BM, 350947, 1193703, , BLM, T32S,R22E,SEC 4, 
301, San Luis Obispo, Pebblestone Shut-in, 1976, Rocky Butte (LO site), , 3269, Spot, 354031, 1210314, , , T26S, R9E, SEC 24, 
302, San Mateo, Woodside, 1991, Allen, A, 2320, Inter., 372313, 1221743, , , T6S, R4W, SEC 27, 
303, San Mateo, Mindego Hill, 1991, Mindego Hill (LO site), , 2143, Spot, 371839, 1221349, , , T7S, R3W, SEC 19, 
304, San Mateo, Woodside, 1991, Pise (LO site), , 1960, Inter., 372721, 1222029, , , T5S, R4W, SEC 31, 
305, Santa Barbara, Little Pine Mtn, 1988, Camuesa Peak (LO site), , 3180, BM, 343248, 1194128, Los Padres, , T5N, R27W, SEC 3, 
306, Santa Barbara, Cuyama Peak, 1991, Cuyama Peak, C, 5878, BM, 344515, 1192831, Los Padres, , T8N, R25W, SEC 25, 
307, Santa Barbara, Figueroa Mtn, 1988, Figueroa Mtn, , 4528, VABM, 344436, 1195906, Los Padres, , T8N, R30W, SEC 25, 
308, Santa Barbara, Santa Barbara, 1988, La Cumbre Peak, B, 3993, BM, 342940, 1194246, Los Padres, , T5N, R27W, SEC 21, 
309, Santa Barbara, Twitchell Dam, 1982, Los Coches Mtn (LO site), , 3016, VABM, 345858, 1201526, , , T11N, R32W SEC 33, 
310, Santa Barbara, Madulce Peak, 1988, Madulce Peak (LO site), , 6536, Spot, 344127, 1193528, Los Padres, , T7N, R26W, SEC 14, 
311, Santa Barbara, Manzanita Mtn, 1978, Manzanita Mountain, , 3193, Spot, 345338, 1200449, Los Padres, , T10N, R30W, SEC 31, 
312, Santa Barbara, San Rafael Mtn, 1988, McKinley Mtn (LO site), , 6220, Inter., 344208, 1195043, Los Padres, , T7N, R28W, SEC 8, 
313, Santa Barbara, Peak Mountain, 1988, McPherson Peak (LO site), , 5753, BM, 345319, 1194848, Los Padres, , T9N, R27W, SEC 6, 
314, Santa Barbara, Orcutt, 1978, Mt Solomon (LO site), , 1344, VABM, 345005, 1202259, , Los Alamos Land Grant, T9N, R33W, SEC 23, 
315, Santa Barbara, Salisbury Potrero, 1988, Salisbury BM (LO site), , 5185, BM, 344922, 1194248, Los Padres, , T9N, R26W, SEC 36, 
316, Santa Barbara, Lake Cachuma, 1988, Santa Ynez Peak (LO site), , 4298, VABM, 343137, 1195843, Los Padres, , T5N, R30W, SEC 12, 
317, Santa Barbara, Big Pine Mtn, 1988, West Big Pine (LO site), , 6494, BM, 344144, 1194039, Los Padres, , T7N, R27W, SEC 12, 
318, Santa Barbara, Zaca Lake, 1978, Zaca Peak (LO site), , 4341, Spot, 344604, 1200126, Los Padres, , T8N, R30W, SEC 15, 
319, Santa Clara, Lick Observatory, 1973, Copernicus Peak, AV, 4380, Inter., 372047, 1213748, , Cal Fire, T7S, R3E, SEC 10, 
320, Santa Clara, Loma Prieta, 1994, Loma Prieta (LO site), , 3792, BM, 370638, 1215038, , , T9S, R1E, SEC 34, 
321, Santa Clara, Pacheco Peak, 1978, Pacheco Pk (LO site), , 2772, VABM, 370028, 1211716, , , T11S, R6E, SEC 3, 
322, Santa Cruz, Franklin Point, 1991, Chalk Mtn, , 1609, Spot, 370938, 1221725, , Big Basin Redwoods State Park, T9S, R4W, SEC 10, 
323, Santa Cruz, Big Basin, 1991, Eagle Rock, B, 2491, BM, 370851, 1221143, , Big Basin Redwood State Park, T9S, R3W, SEC 16, 
324, Santa Cruz, Castle Rock Ridge, 1991, Mount Bielawski, A, 3200, Inter., 371321, 1220539, , State Land, T8S, R2W, SEC 21, 
325, Shasta, Jacks Backbone, 1985, Backbone Ridge (LO site), , 6214, BM, 404037, 1214030, Lassen, , T33N, R3E, SEC 31, 
326, Shasta, Project City, 1969, Bear Mtn (Shasta Bear LO), AS, 2627, VABM, 404332, 1221533, , Cal Fire, T33N, R3W, SEC 7, 
327, Shasta, Minnesota Mountain, 1990, Brock Mountain, , 2724, Spot, 404818, 1220756, Shasta-Trinity, , T34N, R2W, SEC 18, 
328, Shasta, Chalk Mountain, 1990, Bunchgrass (LO site), , 5500, Inter., 405542, 1214946, Shasta-Trinity, , T36N, R1E, SEC 35, 
329, Shasta, Burney Mountain West, 1990, Burney Mountain, AS, 7866, BM, 404824, 1213741, Lassen, , T34N, R3E, SEC 15, 
330, Shasta, Lamoine, 1990, Delta Point, , 3081, BM, 405750, 1222433, Shasta-Trinity, , T35N, R5W, SEC 4, 
331, Shasta, Grizzly Peak, 1990, Grizzly Peak (LO Site), , 6252, BM, 410841, 1215843, Shasta-Trinity, , T38N, R1W, SEC 16, 
332, Shasta, Murken Bench, 1990, Hat Creek Rim (LO site), C, 5122, BM, 404831, 1212454, Lassen, , T34N, R5E, SEC 15, 
333, Shasta, Bollibokka Mountain, 1990, Hirz Mountain, AR, 3543, BM, 405349, 1221445, Shasta-Trinity, , T35N, R3W, SEC 7, 
334, Shasta, Roaring Creek, 1990, Hogback Mountain, AS, 3788, Spot, 405300, 1215954, Shasta-Trinity, Cal Fire, T35N, R1W, SEC 17, 
335, Shasta, Chanchelulla Peak, 1981, Knob Peak, B, 4823, BM, 402359, 1225722, Shasta-Trinity, , T29N, R10W, SEC 2, 
336, Shasta, Lassen Peak, 1985, Lassen Peak (LO site), , 10462, BM, 402917, 1213018, , Lassen Volcanic National Park, T31N, R4E, SEC 34, 
337, Shasta, Viola, 1986, Latour Butte, AS, 6743, BM, 403628, 1214232, , Cal Fire, T32N, R2E, SEC 23, 
338, Shasta, Montgomery Creek, 1990, Little Round Mountain (LO site), , 3020, Inter., 404953, 1215935, Shasta-Trinity, , T34N, R1W SEC 4, 
339, Shasta, Thousand Lakes Valley, 1985, Magee Peak (LO site), , 8549, BM, 404121, 1213708, Lassen, , T33N, R3E, SEC 27, 
340, Shasta, Shoeinhorse Mtn, 1986, North Fork Mtn (LO site), , 5358, BM, 410059, 1220702, Shasta-Trinity, , T37N, R2W, SEC 32, 
341, Shasta, Prospect Peak, 1985, Prospect Peak (LO site), , 8338, BM, 403423, 1212045, , Lassen Volcanic National Park, T31N, R6E, SEC 6, 
342, Shasta, Whiskeytown, 1979, Shirttail Peak, , 4101, BM, 404424, 1223540, , BLM, T33N, R6W, SEC 6, 
343, Shasta, Tombstone Mtn, 1986, Sims (LO site), , 3699, BM, 410235, 1222141, Shasta-Trinity, , T37N, R4W, SEC 29, 
344, Shasta, Dana, 1990, Soldier Mountain, AS, 5543, BM, 410427, 1213347, Shasta-Trinty, Cal Fire, T37N, R3E, SEC 1, 
345, Shasta, Whiskeytown, 1979, South Fork Mtn (LO site), C, 3442, BM, 403915, 1223129, , BLM, T32N, R6W, SEC 3, 
346, Shasta, Lamoine, 1990, Sugarloaf, AS, 3945, BM, 405452, 1222641, Shasta-Trinity, , T35N, R5W, SEC 4, 
347, Shasta, West Prospect Peak, 1985, West Prospect Peak, AS, 8178, BM, 403538, 1212247, Lassen, , T32N, R5E, SEC 36, 
348, Sierra, Camptonville, 1995, Alaska Peak (LO site), , 4025, BM, 392655, 1210021, Tahoe, , T18N, R9E, SEC 6/7, 
349, Sierra, Dog Valley [CA-NV], 1981, Babbitt Peak, AS, 8765, BM, 393609, 1200621, Tahoe, , T20N, R17E, SEC 8, 
350, Sierra, Calpine, 1981, Calpine, AR, 5940, BM, 394044, 1202748, Tahoe, , T21N, R14E, SEC 7, 
351, Sierra, Dog Valley [CA-NV], 1981, Crystal Peak (LO site), , 8103, Spot, 393328, 1200518, Tahoe, , T20N, R17E, SEC 28, 
352, Sierra, Boca [CA-NV], 1973, Granite Peak (LO site), , 8291, BM, 392924, 1200233, Toiyabe, , T19N, R17E, SEC 24, 
353, Sierra, Clio, 1981, Mills Peak, A, 7340, Inter., 394217, 1203722, Plumas, , T21N, R12E, SEC 3, 
354, Sierra, Mt. Fillmore, 1951, Mt Fillmore (LO site), , 7715, VABM, 394347, 1205109, Plumas, , T22N, R10E, SEC 34, 
355, Sierra, La Porte, 1975, Poverty Hill (LO site), , 5518, Spot, 393752, 1205827, Plumas, , T21N, R9E, SEC 33, 
356, Sierra, Mt Fillmore, 1951, Saddleback Mtn, AS, 6690, BM, 393806, 1205144, Tahoe, , T21N, R10E, SEC 33, 
357, Sierra, Sardine Peak, 1981, Sardine Peak, AR, 8135, Spot, 393224, 1201115, Tahoe, , T20N, R16E, SEC 34, 
358, Sierra, Sierra City, 1981, Sierra Buttes, A, 8590, BM, 393537, 1203849, Tahoe, , T20N, R12E, SEC 17, 
359, Sierra, Boca [CA-NV], 1973, Verdi Peak, B, 8444, Spot, 392821, 1200223, Tahoe, , T19N, R17E, SEC 25, 
360, Siskiyou, Happy Camp, 1980, Baldy Mountain, B, 5606, Spot, 414801, 1232936, Klamath, , T16N, R6E, SEC 11, 
361, Siskiyou, Panther Rock, 1986, Ball Mountain, B, 7780, BM, 414743, 1220921, Klamath, , T46N, R3W, SEC 25, 
362, Siskiyou, Hambone, 1990, Bear Mtn (Siskiyou Bear LO), AS, 5831, BM, 411806, 1214309, Shasta-Trinity, Cal Fire, T40N, R2E, SEC 15, 
363, Siskiyou, City of Mount Shasta, 1986, Black Butte (LO site), , 6334, BM, 412159, 1222053, Shasta-Trinity, , T41N, R4W, SEC 30, 
364, Siskiyou, Kinyon, 1990, Black Fox Mountain, AS, 6504, BM, 412047, 1215329, Shasta-Trinity, , T40N, R1E, SEC 6, 
365, Siskiyou, Sawyers Bar, 1979, Blue Ridge, A, 5960, BM, 411621, 1231117, Klamath, , T39N, R12W, SEC 11, 
366, Siskiyou, Callahan, 1986, Bolivar, AS, 6900, Spot, 411621, 1224744, Klamath, , T40N, R8W, SEC 33, 
367, Siskiyou, Buckhorn Bally, 1983, Buckhorn Bally, AS, 5160, BM, 415510, 1224752, Klamath, , T47N, R8W, SEC 17, 
368, Siskiyou, Grider Valley, 1981, Buckhorn Mtn (LO site), , 6912, BM, 414023, 1231501, Klamath, , T44N, R12W, SEC 8, 
369, Siskiyou, Cecil Lake, 1979, Cecil Point (LO site), , 5560, Inter., 410527, 1230740, Klamath, , T37N, R11W, SEC 17, 
370, Siskiyou, Slater Butte, 1980, China Peak (LO site), , 4178, BM, 415011, 1231635, Klamath, , T46N, R12W, SEC 18, 
371, Siskiyou, Horse Creek, 1983, Collins Creek Baldy, AS, 5492, BM, 414631, 1225706, Klamath, , T45N, R10W, SEC 1, 
372, Siskiyou, Callahan, 1986, Craggy Peak (LO site), , 8102, BM, 411532, 1224651, Klamath, , T39N, R8W, SEC 9, 
373, Siskiyou, McKinley Mtn, 1983, Deadwood Baldy Peak (LO site), , 5741, Inter., 414607, 1224907, Klamath, , T45N, R8W, SEC 7, 
374, Siskiyou, Mc Conaughy Gulch, 1986, Denny Point (LO site), , 4853, BM, 412700, 1224826, , , T42N, R8W, SEC 31, 
375, Siskiyou, Condrey Mtn, 1983, Dry Lake Mtn (LO site), , 6779, BM, 415428, 1225626, Klamath, , T47N, R9W, SEC 19, 
376, Siskiyou, Duzel Rock, 1984, Duzel Rock, A, 6045, BM, 413136, 1224322, , Cal Fire, T43N, R8W, SEC 36, 
377, Siskiyou, Grasshopper Ridge, 1979, Eddy Gulch, AS, 6479, BM, 411422, 1230623, Klamath, , T39N, R11W, SEC 15, 
378, Siskiyou, English Peak, 1977, English Peak, A, 7322, Spot, 412404, 1231253, Klamath, , T41N, R12W, SEC 15, 
379, Siskiyou, Gazelle Mtn, 1986, Gazelle Mtn (LO site), , 5243, BM, 412447, 1224022, , BLM, T41N, R7W, SEC 8,9, 
380, Shasta, Dunsmuir, 1986, Girard Ridge, AR, 4812, BM, 410742, 1221646, Shasta-Trinity, , T38N, R4W, SEC 25, 
381, Siskiyou, Grass Lake, 1986, Herd Peak, AS, 7073, BM, 413741, 1221354, Klamath, , T44N, R3W, SEC 30, 
382, Siskiyou, Cottonwood Peak, 1983, Hungry Creek (LO site), , 4922, BM, 415955, 1224323, , Private Land, T48N, R8W, SEC 24, 
383, Siskiyou, Grider Valley, 1981, Lake Mtn, AS, 6877, BM, 414455, 1230801, Klamath, , T45N, R11W, SEC 17, 
384, Siskiyou, Copco, 1984, Lakeview (LO site), , 3777, BM, 415713, 1222145, , Private Land, T47N, R4W, SEC 6, 
385, Siskiyou, Little Glass Mtn, 1988, Little Mt Hoffman, AR, 7315, BM, 413443, 1213930, Shasta-Trinity, Modoc (on bdys.), , T43N, R2E, SEC 8, 
386, Siskiyou, Kangaroo Mtn, 1980, Lower Devils Peak (LO site), B, 5084, BM, 415231, 1231206, Klamath, , T47N, R12W, SEC 5, 
387, Siskiyou, Medicine Mtn, 1978, Medicine Mountain (LO site), , 6841, BM, 412942, 1231908, Klamath, , T13N, R7E, SEC 25, 
388, Siskiyou, Dunsmuir, 1986, Mt Bradley, , 5563, BM, 411319, 1221832, Shasta-Trinity, , T39N, R4W, SEC 22, 
389, Siskiyou, Somes Bar, 1979, Offield Mtn (LO site), , 4117, BM, 412525, 1232816, Klamath, , T12N, R6E, SEC 23, 
390, Siskiyou, Bray, 1988, Orr Mountain, AS, 5830, BM, 414003, 1215828, Klamath, , T44N, R1W, SEC 16, 
391, Siskiyou, Hawkinsville, 1983, Paradise Craggy, A, 4914, BM, 414853, 1223248, , Cal Fire, T46N, R6W, SEC 28, 
392, Siskiyou, Dillon Mtn, 1983, Pony Peak (LO site), , 5344, BM, 413646, 1233406, Klamath, , T14N, R5E, SEC 13, 
393, Siskiyou, Greenview, 1984, Quartz Hill, AS, 4241, BM, 413558, 1225601, , Cal Fire, T43N, R9W, SEC 6/7, 
394, Siskiyou, Border Mountain, 1990, Round Mountain, AS, 5256, BM, 412538, 1212745, Modoc, , T41N, R4E, SEC 1, 
395, Siskiyou, Schonchin Butte, 1988, Schonchin Butte, AS, 5260, BM, 414415, 1213145, , Lava Beds National Monument, T45N, R4E, SEC 17, 
396, Siskiyou, Scott Bar, 1980, Scott Bar Mtn, , 4840, Inter., 413932, 1230544, Klamath, , T44N, R11W, SEC 15, 
397, Siskiyou, Slater Butte, 1980, Slater Butte, , 4688, BM, 415130, 1232114, Klamath, , T17N, R7E, SEC 13, 
398, Siskiyou, Ukonom Mtn, 1980, Ukonom Mtn, A, 4585, BM, 413503, 1232833, Klamath, , T14N, R6E, SEC 22, 
399, Siskiyou, Sharp Mtn, 1988, Van Bremmer (LO site), , 5315, BM, 413836, 1214741, Klamath, , T44N, R2E, SEC 19, 
400, Siskiyou, Kangaroo Mtn, 1980, Windy Peak (LO site), , 4934, Spot, 415831, 1230812, Rogue River, , T48N, R11W, SEC 28, 
401, Siskiyou, Trinity, Caribou Lake, 1986, Packers Peak (LO site), , 7834, BM, 410528, 1225817, Shasta-Trinity, Klamath (on bdys.), , T37N, R10W, SEC 2, 
402, Sonoma, Tombs Creek, 1978, Big Mountain (LO site), , 2678, BM, 384237, 1230842, , , T10N, R12W, SEC 13, 
403, Sonoma, Annapolis, 1977, Oak Ridge, A, 2340, BM(I), 384400, 1231723, , Cal Fire, T10N, R13W, SEC 3, 
404, Sonoma, Mount St Helena, 1959, Mount St Helena (LO site), , 4342, VABM, 384010, 1223801, , , T10N, R7W, SEC 33, 
405, Sonoma, Guerneville, 1993, Mt Jackson (LO site), , 1652, Spot, 383223, 1225741, , Cal Fire, T8N, R10W, SEC 15, 
406, Sonoma, Cazadero, 1978, Pole Mtn, AV, 2206, BM, 383019, 1230712, , Private Land, Cal Fire, T8N, R11W, SEC 30, 
407, Sonoma, Cazadero, 1978, Red Oat Mtn (LO site), , 1460, Inter., 383402, 1230533, , , T8N, R11W, SEC 5, 
408, Stanislaus, Wilcox Ridge, 1971, Mikes Peak, Salado Mtn (LO site), , 2620, Spot, 372127, 1211904, , , T7S, R6E, SEC 4, 
409, Stanislaus, Solyo, 1991, Mt Oso, , 3352, VABM, 373030, 1212230, , , T5S, R5E, SEC 12, 
410, Tehama, Ball Mountain, 1973, Ball Mountain (LO site), , 6562, BM, 395554, 1224706, Mendocino, , T24N, R8W, SEC 17, 
411, Tehama, Riley Ridge, 1973, Ball Rock (LO site), , 6664, BM, 395800, 1224417, Mendocino, , T24N, R8W, SEC 3, 
412, Tehama, Beegum, 1981, Beegum Peak (LO site), , 4102, BM, 401851, 1225314, , Private Land, T28N, R9W, SEC 4, 
413, Tehama, Lassen Peak, 1985, Brokeoff Mountain (LO site), , 9235, BM, 402644, 1213335, , Lassen Volcanic National Park, T30N, R4E, SEC 20, 
414, Tehama, Devils Parade Ground, 1991, Campbellville (LO site), , 4020, BM, 400207, 1214307, , , T25N, R2E, SEC 14, 
415, Tehama, Onion Butte, 1991, Colby Mountain, AS, 6001, Spot, 400846, 1213120, Lassen, , T27N, R4E, SEC 33, 
416, Tehama, Manton, 1985, Digger Butte (LO site), , 4025, BM, 402553, 1214709, Lassen, Cal Fire, T30N, R2E, SEC 29, 
417, Tehama, Riley Ridge, 1973, Eagle Peak, AS, 3715, BM, 395537, 1223831, , Cal Fire, T24N, R7W, SEC 22, 
418, Tehama, Cold Fork, 1976, Greasewood Hill (LO site), , 2741, BM, 400928, 1224424, , , T27N, R8W, SEC 26, 
419, Tehama, Inskip Hill, 1985, Inskip Hill, AS, 3105, BM, 402029, 1215639, , Cal Fire, T29N, R1W, SEC 26, 
420, Tehama, Barkley Mountain, 1995, McCarthy Point, AR, 3720, Inter., 401108, 1214037, Lassen, , T27N, R3E, SEC 19, 
421, Tehama, Blossom, 1969, Montgomery (LO site), , 834, BM, 400748, 1222558, , Cal Fire, T26N, R5W, SEC 4, 
422, Tehama, Beegum, 1981, Pattymocus Butte, A, 4024, BM, 401747, 1225205, Shasta-Trinity, Cal Fire, T28N, R9W, SEC 10, 
423, Tehama, North Yolla Bolly, 1981, Post Creek Guard Station, AR, 4081, Inter., 401408, 1225533, Shasta-Trinty, , T28N, R9W, SEC 31, 
424, Tehama, North Yolla Bolly, 1981, Tomhead Mtn, AS, 6761, BM, 400812, 1224902, Shasta-Trinity, , T26N, R8W, SEC 6, 
425, Tehama, Mineral, 1986, Turner Mtn, AS, 6898, BM, 401756, 1213701, Lassen, , T28N, R3E, SEC 10, 
426, Tehama, Dales, 1976, Tuscan Buttes (LO site), , 1872, BM, 401543, 1220534, , , T28N, R2W, SEC 21, 
427, Tehama, Vina, 1976, Vina (LO site), A, 259, BM, 395543, 1220138, , Cal Fire, T24N, R1W, SEC 18, 
428, Tehama, Onion Butte, 1995, Windy Cut (LO site), , 3767, BM, 400944, 1213442, Lassen, , T27N, R3E, SEC 25, 
429, Trinity, Thurston Peaks, 1982, Backbone (LO site), , 4656, BM, 405321, 1230833, Shasta-Trinity, , T35N, R11W, SEC 17, 
430, Trinity, Carrville, 1986, Billys Peak (LO site), , 7278, BM, 410718, 1224448, Shasta-Trinity, , T38N, R8W, SEC 26, 
431, Trinity, Black Rock Mtn, 1981, Black Rock Mtn, C, 7792, BM, 401216, 1230035, Shasta-Trinity, , T27N, R10W, SEC 8, 
432, Trinity, Whisky Bill Peak, 1986, Bonanza King, AS, 6956, BM, 410449, 1223729, Shasta-Trinity, , T37N, R7W, SEC 12, 
433, Trinity, Trinity Center, 1982, Bowerman Peak (LO site), , 4206, Spot, 405340, 1224359, Shasta-Trinity, , T35N, R8W, SEC 14, 
434, Trinity, Cecil Lake, 1979, Cabin Peak (LO site), , 6866, BM, 410005, 1231208, Shasta-Trinity, , T36N, R12W, SEC 1, 
435, Trinity, Dubakella Mtn, 1981, Dubakella Mtn (LO site), B, 5884, BM, 402302, 1230847, Shasta-Trinity, , T29N, R11W, SEC 7, 
436, Trinity, Big Bar, 1982, Eagle Rock (LO site), , 4738, BM, 404458, 1231929, Shasta-Trinity, , T4N, R8E, SEC 6, 
437, Trinity, Covington Mill, 1982, Granite Peak (LO site), , 8088, BM, 405436, 1225222, Shasta-Trinity, , T35N, R9W, SEC 10, 
438, Trinity, Ruth Lake, 1978, Grizzly Mountain (LO site), , 5462, BM, 401511, 1232837, Six Rivers, , T2S, R6E, SEC 34, 
439, Trinity, Lake Mountain, 1967, Haman Ridge (LO site), , 3792, BM, 400219, 1232247, Six Rivers, , T5S, R7E, SEC 10, 
440, Trinity, Long Ridge, 1967, Hayden Roughs (LO site), , 4667, BM, 400712, 1231511, Six Rivers, , T26N, R12W, SEC 7, 
441, Trinity, Hayfork Bally, 1982, Hayfork Bally, AS, 6273, BM, 403932, 1231307, Shasta-Trinity, , T32N, R12W, SEC 3, 
442, Trinity, Ironside Mtn, 1982, Ironside Mtn (LO site), , 5261, BM, 404957, 1232704, Shasta-Trinity, , T5N, R6E, SEC 1, 
443, Trinity, Zenia, 1967, Kettenpom Peak (LO site), , 4091, BM, 400843, 1232811, Six Rivers, , T4S, R6E, SEC 2, 
444, Trinity, Hyampom, 1982, Limedyke Mountain, A, 4698, BM, 403129, 1232502, Shasta-Trinity, , T2N, R7E, SEC 29, 
445, Trinity, Ruth Lake, 1978, Mad River Rock (LO site), , 4603, Spot, 402224, 1232838, Six Rivers, , T1S, R6E, SEC 15, 
446, Trinity, Dubakella Mtn, 1981, Plummer Peak, AS, 4414, BM, 402935, 1231159, Shasta-Trinity, , T31N, R12W, SEC 34, 
447, Trinity, Pony Buck Peak, 1981, Red Mountain (LO site), , 5643, BM, 401855, 1230814, Shasta-Trinity, , T29N, R12W, SEC 31/32, 
448, Trinity, Shannon Butte, 1967, Shannon Butte (LO site), , 3069, BM, 400959, 1232217, Six Rivers, , T3S, R7E, SEC 34, 
449, Trinity, Dees Peak, 1978, Virgin Creek Buttes (LO site), , 4760, Inter., 410349, 1232100, Shasta-Trinity, , T8N, R7E, SEC 23, 
450, Trinity, Dedrick, 1982, Weaver Bally, AS, 6990, BM, 404752, 1230014, Shasta-Trinity, , T34N, R10W, SEC 16, 
451, Trinity, Shasta, Bully Choop Mtn, 1982, Bully Choop Mtn, A, 6977, BM, 403319, 1224602, , Cal Fire, T31N, R8W, SEC 9, 
452, Trinity, Shasta, Whisky Bill Peak, 1986, Slate Mountain (LO site), , 5525, BM, 410009, 1223215, Shasta-Trinity, , T36N, R6W, SEC 3, 
453, Trinity, Siskiyou, Dees Peak, 1978, Mary Blaine Mtn (LO site), , 6747, Spot, 410535, 1231530, Shasta-Trinity, , T37N, R12W, SEC 7, 
454, Trinity, Siskiyou, Mount Eddy, 1986, Mount Eddy (LO site), , 9037, BM, 411911, 1222845, Shasta-Trinity, , T40N, R5W, SEC 18, 
455, Trinity, Tehama, Soloman Peak, 1995, Hammerhorn Mtn (LO site), , 7566, BM, 400005, 1225650, Mendocino, , T25N, R10W, SEC 22, 
456, Trinty, Forest Glen, 1979, Horse Ridge, AS, 6073, BM, 401537, 1231547, Six Rivers, Shasta-Trinity (on bdys.), , T28N, R12W, SEC 19, 
457, Trinty, Forest Glen, 1979, Pickett Peak, A, 5778, BM, 402044, 1232148, Six Rivers, Shasta-Trinity (on bdys.), , T1S, R7E, SEC 26, 
458, Tulare, Giant Forest, 1993, Ash Peaks (LO site), , 5620, BM(I), 363138, 1185030, , Sequoia National Park, T16S, R29E, SEC 21, 
459, Tulare, Tobias Peak, 1994, Baker Point, B, 7760, BM, 355109, 1183011, Sequoia, , T24S, R32E, SEC 11, 
460, Tulare, Bonita Meadows, 1994, Bald Mountain, AS, 9387, BM, 360111, 1181514, Sequoia, , T22S, R34E, SEC 12, 
461, Tulare, Dennison Peak, 1994, Blue Ridge (LO site), B, 5720, BM, 361713, 1185023, , Cal Fire, T19S, R29E, SEC 9, 
462, Tulare, Muir Grove, 1987, Buck Rock, AS, 8502, BM, 364414, 1185139, Sequoia, , T14S, R29E, SEC 6, 
463, Tulare, General Grant Grove, 1987, Buena Vista Peak (LO site), , 7605, Spot, 364241, 1185348, , Kings Canyon National Park, T14S, R28E, SEC 14, 
464, Tulare, Silver City, 1993, Cahoon Rock (LO site), , 9278, BM, 362244, 1184124, , Sequoia Naional Park, T18S, R30E, SEC 11, 
465, Tulare, Cannell Peak, 1994, Cannell Peak (LO site), , 9470, Spot, 355153, 1182141, Sequoia, , T24S, R34E, SEC 6, 
466, Tulare, General Grant Grove, 1993, Eshom Point (LO site), , 5117, Spot, 363759, 1185626, Sequoia, , T15S, R28E, SEC 9, 
467, Tulare, Gibbon Peak, 1994, Gibbon Peak (LO site), , 4512, Spot, 355721, 1184555, , Private Land, T23S, R30E, SEC 5, 
468, Tulare, Camp Nelson, 1994, Jordan Peak (LO site), C, 9122, BM, 361053, 1183554, Sequoia, , T20S, R31E, SEC 15, 
469, Tulare, Kern Peak, 1994, Kern Peak (LO site), C, 11520, BM, 361831, 1181716, Inyo, , T19S, R34E, SEC 3, 
470, Tulare, Posey, 1994, King George Peak (LO site), , 4365, Spot, 355216, 1184431, , Private Land, T24S, R30E, SEC 4, 
471, Tulare, Bonita Meadows, 1994, Lookout Mtn (LO site), , 9740, Inter., 360327, 1182234, Sequoia, , T21S, R33E, SEC 35, 
472, Tulare, Case Mountain, 1994, Milk Ranch Peak, B, 6225, Spot, 362911, 1184651, , Sequoia National Park, T17S, R29E, SEC 1, 
473, Tulare, Mt Silliman, 1988, Mitchell Peak (LO site), , 10369, BM, 364356, 1184255, Sequoia (on bdy.), Kings Canyon National Park (on bdy.), T14S, R30E, SEC 3, 
474, Tulare, Sentinel Peak, 1994, Mule Peak, AS, 8151, BM, 360057, 1183655, Sequoia, , T22S, R31E, SEC 15, 
475, Tulare, Silver City, 1993, Paradise Peak (LO site), , 9362, BM, 362837, 1184153, , Sequoia National Park, T17S, R30E, SEC 3, 
476, Tulare, General Grant Grove, 1987, Park Ridge, AV, 7540, Inter., 364327, 1185638, , Kings Canyon National Park, T14S, R28E, SEC 9, 
477, Tulare, Shadequarter Mtn, 1993, Shadequarter, B, 4380, Inter., 363402, 1185724, , BLM, T16S, R28E, SEC 6, 
478, Tulare, Durrwood Creek, 1994, Sherman Peak (LO site), , 9918, BM, 360037, 1182328, Sequoia, , T22S, R33E, SEC 14, 
479, Tulare, Sentinel Peak, 1994, Slate Mountain (LO site), , 9302, BM, 360459, 1183434, Sequoia, , T21S, R31E, SEC 24, 
480, Tulare, Durrwood Creek, 1994, The Needles, AS, 8254, BM, 360634, 1182905, Sequoia, , T21S, R32E, SEC 14, 
481, Tulare, Tobias Peak, 1994, Tobias Peak, AS, 8292, BM, 355101, 1183421, Sequoia, , T24S, R32E, SEC 7, 
482, Tuolumne, Columbia, 1973, American Camp, B, 3406, BM, 380511, 1202314, Stanislaus, , T3N, R14E, SEC 25, 
483, Tuolumne, Crandall Peak, 1979, Crandall Peak (LO site), , 5452, BM, 380933, 1200836, Stanislaus, , T4N, R17E, SEC 31, 
484, Tuolumne, Ackerson Mountain, 1992, Crane Flat, A, 6647, Spot, 374535, 1194914, , Yosemite National Park, T2S, R19E, SEC 13, 
485, Tuolumne, Duckwall Mtn, 1979, Duckwall Mtn, A, 5835, BM, 375807, 1200711, Stanislaus, , T1N, R17E, SEC 4, 
486, Tuolumne, Twain Harte, 1979, Elizabeth Peak, AS, 4942, BM, 380347, 1201450, , Private Land, T2N, R16E, SEC 5, 
487, Tuolumne, Stanislaus, 1973, Forebay (LO site), , 2800, Spot, 380849, 1202144, Stanislaus, , T3N, R15E, SEC 26, 
488, Tuolumne, Cherry Lake South, 1992, Jones Point (LO site), , 3700, BM, 375233, 1195834, Stanislaus, , T1S, R18E, SEC 10, 
489, Tuolumne, Liberty Hill, 1979, Liberty Hill (LO site), , 7540, BM, 382204, 1200603, Stanislaus, , T6N, R17E, SEC 21, 
490, Tuolumne, Stanislaus, 1973, McCormick (LO site), , 3880, Inter., 381054, 1201647, Stanislaus, , T4N, R15E, SEC 24, 
491, Tuolumne, Cherry Lake South, 1992, North Mountain, B, 5758, BM, 375409, 1195348, Stanislaus, , T1N, R19E, SEC 33, 
492, Tuolumne, Pinecrest, 1979, Pinecrest Peak (LO site), , 8024, Spot, 381329, 1195632, Stanislaus, , T4N, R18E, SEC 1, 
493, Tuolumne, Keystone, 1987, Rushing Mtn, Big Hill, B, 1525, VABM, 374943, 1203406, , Cal Fire, T1S, R13E, SEC 20, 
494, Tuolumne, Tuolumne, 1979, Sugarloaf (LO site), , 3881, BM, 375353, 1200845, Stanislaus, , T1N, R17E, SEC 31, 
495, Tuolumne, Duckwall Mtn, 1979, Thompson Peak (LO site), , 5294, Spot, 375957, 1200408, Stanislaus, , T2N, R17E, SEC 26, 
496, Tuolumne, Cherry Lake South, 1992, Woods Ridge, B, 6008, BM(I), 375733, 1195808, Stanislaus, , T1N, R18E, SEC 11, 
497, Tuolumne, Mariposa, Jawbone Ridge, 1979, Smith Peak, AS, 3876, BM, 374803, 1200603, Stanislaus, , T1S, R17E, SEC 34, 
498, Ventura, Cobblestone Mountain, 1991, Cobblestone Mountain (LO site), , 6738, BM, 343632, 1185204, Los Padres, , T6N, R19W, SEC 14, 
499, Ventura, Frazier Mtn, 1991, Frazier Mountain, C, 8017, BM, 344630, 1185809, Los Padres, , T8N, R20W, SEC 23, 
500, Ventura, Sawmill Mountain, 1991, Mount Pinos (LO site), , 8847, BM, 344846, 1190843, Los Padres, , T8N, R21W, SEC 6, 
501, Ventura, Ojai, 1988, Nordhoff Pk (LO site), C, 4492, VABM, 342954, 1191431, Los Padres, , T5N, R23W, SEC 24, 
502, Ventura, Reyes Peak, 1991, Reyes Peak (LO site), , 7525, BM, 343751, 1191654, Los Padres, , T6N, R23W, SEC 11, 
503, Ventura, Pitas Point, 1967, Rincon Mtn (LO site), , 2162, BM, 342220, 1192517, , , T3N, R24W, SEC 5, 
504, Ventura, Santa Paula Peak, 1988, Santa Paula Peak, , 4960, VABM, 342625, 1190035, Los Padres, , T4N, R20W, SEC 7, 
505, Ventura, Santa Paula, 1967, South Mountain, , 2340, Inter., 341952, 1190120, , , T3N, R20W, SEC 19, 
506, Ventura, Lion Canyon, 1991, Thorn Point, C, 6940, BM, 343623, 1190740, Los Padres, , T6N, R21W, SEC 17, 
507, Ventura, Devils Heart Peak, 1991, Topatopa Peak (LO site), , 6200, BM(I), 343221, 1185917, Los Padres, , None, 
508, Ventura, Triunfo Pass, 1991, Triunfo (LO site), , 2658, Spot, 340621, 1185455, , Santa Monica Mts. National Rec. Area, T1S, R21W, SEC 6, 
509, Yuba, Challenge, 1995, Oregon Peak, AS, 3439, BM, 392317, 1211037, , Private Land, CHY Co. (Cal Fire), T18N, R7E, SEC 27, 
510, Yuba, Challenge, 1995, Pike County Peak, AS, 3690, Spot, 392829, 1211208, Plumas, , T19N, R7E, SEC 28, 
